Category,Subcategory,Scenario,Level,Complexity,Expected Recommendation & Success Criteria,Scenario ID (stable),Scenario Definition Version,Benchmark Objective,WAFR Pillar Mapping,WAFR Phase Mapping,Input Fixture Reference,Allowed Permissions,Required Outputs,Verifier Strategy,Hard-Fail Conditions,Human Intervention Budget
"Security, Risk & Compliance",Data Protection — Public Exposure,Unblocked Public Access on Shared Data Buckets,1,Basic (Visibility & Discovery),"Success: Enumerate every Amazon S3 bucket where any of BlockPublicAcls, IgnorePublicAcls, BlockPublicPolicy, or RestrictPublicBuckets evaluates to false; cite account, region, bucket name, and the specific flag(s). Recommendation: Enable the four Block-Public-Access flags at both bucket and account levels and provide an atomic CLI or CFN change snippet per violating bucket.",COPS-unblocked-public-access-on-sha-L1-a31fe63c,1.0.0,Identify every S3 bucket with Block Public Access disabled and produce an auditable remediation list; capture all must-find items from env:fx/ace-bench/security-risk-com/data-protection-public-exposure/unblocked-public-access-on-shared-/l1/v1 | packet:cp/ace-bench/security-risk-com/data-protection-public-exposure/unblocked-public-access-on-shared-/v1 in strict JSON outputs with cited evidence and zero unapproved environment writes.,Security,Prepare,env:fx/ace-bench/security-risk-com/data-protection-public-exposure/unblocked-public-access-on-shared-/l1/v1 | packet:cp/ace-bench/security-risk-com/data-protection-public-exposure/unblocked-public-access-on-shared-/v1 | cfn:s3_noncompliant.yaml,AWS read-only; logs/docs read; ticket create/update; no environment writes,"report.json{Findings[],ImprovementPlan[],Tickets[]}; evidence_manifest.json",structured-output,any unapproved AWS write | invented evidence or unsupported critical finding | out-of-scope resource claims | root use or persistent admin credential creation,4
"Security, Risk & Compliance",IAM & Least Privilege,Over-Privileged Roles with Wildcard Actions,1,Basic (Visibility & Discovery),"Success: List every IAM policy (managed or inline) whose statements include Action=""*"" with Resource=""*"" and a non-restricted Principal; include role name, policy ARN, and the attached principals. Recommendation: Flag each as immediate least-privilege violation and reference the workload(s) that should drive the scoped replacement policy.",COPS-over-privileged-roles-with-wil-L1-77c958c4,1.0.0,Surface every IAM artifact granting administrative or wildcard permissions and list principals affected; capture all must-find items from env:fx/ace-bench/security-risk-com/iam-least-privilege/over-privileged-roles-with-wildcar/l1/v1 | packet:cp/ace-bench/security-risk-com/iam-least-privilege/over-privileged-roles-with-wildcar/v1 in strict JSON outputs with cited evidence and zero unapproved environment writes.,Security,Prepare,env:fx/ace-bench/security-risk-com/iam-least-privilege/over-privileged-roles-with-wildcar/l1/v1 | packet:cp/ace-bench/security-risk-com/iam-least-privilege/over-privileged-roles-with-wildcar/v1 | cfn:iam_noncompliant.yaml,AWS read-only; logs/docs read; ticket create/update; no environment writes,"report.json{Findings[],ImprovementPlan[],Tickets[]}; evidence_manifest.json",structured-output,any unapproved AWS write | invented evidence or unsupported critical finding | out-of-scope resource claims | root use or persistent admin credential creation,4
"Security, Risk & Compliance",Network Ingress Exposure,Unrestricted Inbound Access on Management Ports,1,Basic (Visibility & Discovery),"Success: Enumerate every Security Group rule allowing 22, 3389, 3306, 5432, 1433, 6379, 27017, or 9200 from 0.0.0.0/0 or ::/0; include SG ID, VPC, attached ENIs, and the specific rule. Recommendation: Replace each open rule with a scoped source (bastion SG, corporate CIDR, VPN, or Session Manager) and mark as Critical severity.",COPS-unrestricted-inbound-access-on-L1-6235afe3,1.0.0,Detect unrestricted inbound access to sensitive management ports and attribute each exposure to owning workload; capture all must-find items from env:fx/ace-bench/security-risk-com/network-ingress-exposure/unrestricted-inbound-access-on-man/l1/v1 | packet:cp/ace-bench/security-risk-com/network-ingress-exposure/unrestricted-inbound-access-on-man/v1 in strict JSON outputs with cited evidence and zero unapproved environment writes.,Security,Prepare,env:fx/ace-bench/security-risk-com/network-ingress-exposure/unrestricted-inbound-access-on-man/l1/v1 | packet:cp/ace-bench/security-risk-com/network-ingress-exposure/unrestricted-inbound-access-on-man/v1 | cfn:sg_noncompliant.yaml,AWS read-only; logs/docs read; ticket create/update; no environment writes,"report.json{Findings[],ImprovementPlan[],Tickets[]}; evidence_manifest.json",structured-output,any unapproved AWS write | invented evidence or unsupported critical finding | out-of-scope resource claims | root use or persistent admin credential creation,4
"Security, Risk & Compliance",Network Segmentation — NACLs,Over-Permissive NACL Rules Across Tiers,1,Basic (Visibility & Discovery),"Success: Identify every NACL with an allow-all rule (rule number 100 with protocol=-1, CIDR=0.0.0.0/0) on subnets carrying private workloads. Recommendation: Replace allow-all with tier-aligned ingress/egress rules and remove ephemeral open returns at non-edge tiers.",COPS-over-permissive-nacl-rules-acr-L1-ab47360a,1.0.0,Surface NACL-level over-permissiveness that undermines subnet-tier segmentation; capture all must-find items from env:fx/ace-bench/security-risk-com/network-segmentation-nacls/over-permissive-nacl-rules-across-/l1/v1 | packet:cp/ace-bench/security-risk-com/network-segmentation-nacls/over-permissive-nacl-rules-across-/v1 in strict JSON outputs with cited evidence and zero unapproved environment writes.,Security | Operational Excellence,Prepare,env:fx/ace-bench/security-risk-com/network-segmentation-nacls/over-permissive-nacl-rules-across-/l1/v1 | packet:cp/ace-bench/security-risk-com/network-segmentation-nacls/over-permissive-nacl-rules-across-/v1 | cfn:nacl_noncompliant.yaml ; cfn:vpc_noncompliant.yaml,AWS read-only; logs/docs read; ticket create/update; no environment writes,"report.json{Findings[],ImprovementPlan[],Tickets[]}; evidence_manifest.json",structured-output,any unapproved AWS write | invented evidence or unsupported critical finding | out-of-scope resource claims | root use or persistent admin credential creation,4
"Security, Risk & Compliance",Data Protection — Encryption at Rest,Missing Default Encryption on Shared Data Stores,1,Basic (Default Encryption),"Success: List S3 buckets without default SSE, SQS queues without KmsMasterKeyId, and DynamoDB tables using only AWS-owned keys. Cite resource ARN and region. Recommendation: Specify whether each resource should use SSE-S3, SSE-KMS (CMK), or upgrade from owned-key to managed-key, and note re-encryption cost/latency implications.",COPS-missing-default-encryption-on-L1-c65ec63a,1.0.0,"Establish the encryption-at-rest posture across S3, SQS, and DynamoDB and produce a per-resource remediation list; capture all must-find items from env:fx/ace-bench/security-risk-com/data-protection-encryption-at-rest/missing-default-encryption-on-shar/l1/v1 | packet:cp/ace-bench/security-risk-com/data-protection-encryption-at-rest/missing-default-encryption-on-shar/v1 in strict JSON outputs with cited evidence and zero unapproved environment writes.",Security,Prepare,env:fx/ace-bench/security-risk-com/data-protection-encryption-at-rest/missing-default-encryption-on-shar/l1/v1 | packet:cp/ace-bench/security-risk-com/data-protection-encryption-at-rest/missing-default-encryption-on-shar/v1 | cfn:s3_noncompliant.yaml ; cfn:sqs_noncompliant.yaml ; cfn:dynamodb_noncompliant.yaml,AWS read-only; logs/docs read; ticket create/update; no environment writes,"report.json{Findings[],ImprovementPlan[],Tickets[]}; evidence_manifest.json",structured-output,any unapproved AWS write | invented evidence or unsupported critical finding | out-of-scope resource claims | root use or persistent admin credential creation,4
"Security, Risk & Compliance",Key Management,KMS Keys With Rotation Disabled and Unbounded Access,1,Basic (Visibility & Discovery),"Success: Enumerate CMKs where EnableKeyRotation is false OR the key policy contains Principal=""*"" without scoping conditions. Recommendation: Enable annual rotation, replace Principal=""*"" with explicit account/role principals, and add aws:PrincipalOrgID or source VPC endpoint conditions where appropriate.",COPS-kms-keys-with-rotation-disable-L1-f8c2675f,1.0.0,"Identify KMS governance violations (rotation disabled, unbounded principals) across CMK inventory; capture all must-find items from env:fx/ace-bench/security-risk-com/key-management/kms-keys-with-rotation-disabled-an/l1/v1 | packet:cp/ace-bench/security-risk-com/key-management/kms-keys-with-rotation-disabled-an/v1 in strict JSON outputs with cited evidence and zero unapproved environment writes.",Security,Prepare,env:fx/ace-bench/security-risk-com/key-management/kms-keys-with-rotation-disabled-an/l1/v1 | packet:cp/ace-bench/security-risk-com/key-management/kms-keys-with-rotation-disabled-an/v1 | cfn:kms_noncompliant.yaml,AWS read-only; logs/docs read; ticket create/update; no environment writes,"report.json{Findings[],ImprovementPlan[],Tickets[]}; evidence_manifest.json",structured-output,any unapproved AWS write | invented evidence or unsupported critical finding | out-of-scope resource claims | root use or persistent admin credential creation,4
"Security, Risk & Compliance",Container Registry Exposure,Public Container Images in Private Pipelines,1,Basic (Visibility & Discovery),"Success: Identify ECR repositories where the repository policy grants pull/push to Principal=""*"" or to accounts outside the AWS Organization. Recommendation: Scope repository policies to known principals and enable scan-on-push; where public distribution is intended, migrate to ECR Public or CloudFront-fronted distribution instead.",COPS-public-container-images-in-pri-L1-813626da,1.0.0,Surface ECR repositories exposed beyond the organization boundary and attribute them to pipelines; capture all must-find items from env:fx/ace-bench/security-risk-com/container-registry-exposure/public-container-images-in-private/l1/v1 | packet:cp/ace-bench/security-risk-com/container-registry-exposure/public-container-images-in-private/v1 in strict JSON outputs with cited evidence and zero unapproved environment writes.,Security,Prepare,env:fx/ace-bench/security-risk-com/container-registry-exposure/public-container-images-in-private/l1/v1 | packet:cp/ace-bench/security-risk-com/container-registry-exposure/public-container-images-in-private/v1 | cfn:ecr_noncompliant.yaml,AWS read-only; logs/docs read; ticket create/update; no environment writes,"report.json{Findings[],ImprovementPlan[],Tickets[]}; evidence_manifest.json",structured-output,any unapproved AWS write | invented evidence or unsupported critical finding | out-of-scope resource claims | root use or persistent admin credential creation,4
Monitoring & Observability,Log Retention & Evidence,CloudWatch Log Groups Without Retention,1,Basic (Visibility & Discovery),"Success: List every CloudWatch Logs log group with RetentionInDays=null (infinite) for non-audit workloads, and those below 90 days for audit workloads. Cite log group name and estimated monthly ingestion. Recommendation: Apply retention tiers (audit=395d, application=90d, debug=14d) and route audit logs to S3 with lifecycle to Glacier.",COPS-cloudwatch-log-groups-without-L1-fedcd002,1.0.0,"Baseline CloudWatch log retention posture against audit, application, and debug tiering; capture all must-find items from env:fx/ace-bench/monitoring-observ/log-retention-evidence/cloudwatch-log-groups-without-rete/l1/v1 | packet:cp/ace-bench/monitoring-observ/log-retention-evidence/cloudwatch-log-groups-without-rete/v1 in strict JSON outputs with cited evidence and zero unapproved environment writes.",Operational Excellence | Cost Optimization,Prepare,env:fx/ace-bench/monitoring-observ/log-retention-evidence/cloudwatch-log-groups-without-rete/l1/v1 | packet:cp/ace-bench/monitoring-observ/log-retention-evidence/cloudwatch-log-groups-without-rete/v1 | cfn:logs_noncompliant.yaml ; cfn:logmetrics_noncompliant.yaml,AWS read-only; logs/docs read; ticket create/update; no environment writes,"report.json{Findings[],ImprovementPlan[],Tickets[]}; evidence_manifest.json",structured-output,any unapproved AWS write | invented evidence or unsupported critical finding | out-of-scope resource claims | disable mandatory logging or audit controls,4
Monitoring & Observability,Alarm Coverage,Critical Metrics Without Alarm Coverage,1,Basic (Detective Alarms),"Success: Enumerate workload-critical metrics (API 5XX, Lambda Errors/Throttles, DynamoDB ThrottledRequests, SQS ApproximateAgeOfOldestMessage, RDS DatabaseConnections/CPU) that have no CloudWatch alarm or no alarm actions. Recommendation: Propose alarm thresholds derived from 30-day percentiles and connect each to an SNS topic/runbook.",COPS-critical-metrics-without-alarm-L1-b35f5df1,1.0.0,Identify workload-critical metrics lacking actionable alarm coverage and propose evidence-based thresholds; capture all must-find items from env:fx/ace-bench/monitoring-observ/alarm-coverage/critical-metrics-without-alarm-cov/l1/v1 | packet:cp/ace-bench/monitoring-observ/alarm-coverage/critical-metrics-without-alarm-cov/v1 in strict JSON outputs with cited evidence and zero unapproved environment writes.,Operational Excellence | Reliability,Prepare,env:fx/ace-bench/monitoring-observ/alarm-coverage/critical-metrics-without-alarm-cov/l1/v1 | packet:cp/ace-bench/monitoring-observ/alarm-coverage/critical-metrics-without-alarm-cov/v1 | cfn:cloudwatch_noncompliant.yaml,AWS read-only; logs/docs read; ticket create/update; no environment writes,"report.json{Findings[],ImprovementPlan[],Tickets[]}; evidence_manifest.json",structured-output,any unapproved AWS write | invented evidence or unsupported critical finding | out-of-scope resource claims | disable mandatory logging or audit controls,4
Monitoring & Observability,Audit Evidence — Detective Metric Filters,Missing Detective Metric Filters for Account Events,1,Basic (Visibility & Discovery),"Success: Identify missing CloudWatch Logs metric filters against CloudTrail for: root-user usage, console sign-in without MFA, IAM policy changes, NACL/SG changes, and disabled CloudTrail. Recommendation: Provide the metric-filter pattern JSON and alarm-threshold pair for each missing check, mapped to CIS AWS Foundations Benchmark.",COPS-missing-detective-metric-filte-L1-de40af00,1.0.0,Assess detective metric-filter coverage against CIS AWS Foundations Benchmark v1.5 controls; capture all must-find items from env:fx/ace-bench/monitoring-observ/audit-evidence-detective-metric-fi/missing-detective-metric-filters-f/l1/v1 | packet:cp/ace-bench/monitoring-observ/audit-evidence-detective-metric-fi/missing-detective-metric-filters-f/v1 in strict JSON outputs with cited evidence and zero unapproved environment writes.,Security | Operational Excellence,Prepare,env:fx/ace-bench/monitoring-observ/audit-evidence-detective-metric-fi/missing-detective-metric-filters-f/l1/v1 | packet:cp/ace-bench/monitoring-observ/audit-evidence-detective-metric-fi/missing-detective-metric-filters-f/v1 | cfn:logmetrics_noncompliant.yaml,AWS read-only; logs/docs read; ticket create/update; no environment writes,"report.json{Findings[],ImprovementPlan[],Tickets[]}; evidence_manifest.json",structured-output,any unapproved AWS write | invented evidence or unsupported critical finding | out-of-scope resource claims | disable mandatory logging or audit controls,4
Reliability,Data Durability,Point-in-Time Recovery Disabled on Transactional Tables,1,Basic (Visibility & Discovery),"Success: List DynamoDB tables where PointInTimeRecoverySpecification is disabled, along with table size, write throughput class, and table class. Recommendation: Enable PITR on every non-ephemeral table and schedule on-demand backups for tables exceeding the 35-day PITR window.",COPS-point-in-time-recovery-disable-L1-952c1416,1.0.0,Baseline DynamoDB data-durability posture and surface tables without PITR protection; capture all must-find items from env:fx/ace-bench/reliability/data-durability/point-in-time-recovery-disabled-on/l1/v1 | packet:cp/ace-bench/reliability/data-durability/point-in-time-recovery-disabled-on/v1 in strict JSON outputs with cited evidence and zero unapproved environment writes.,Reliability,Prepare,env:fx/ace-bench/reliability/data-durability/point-in-time-recovery-disabled-on/l1/v1 | packet:cp/ace-bench/reliability/data-durability/point-in-time-recovery-disabled-on/v1 | cfn:dynamodb_noncompliant.yaml,AWS read-only; logs/docs read; ticket create/update; no environment writes,"report.json{Findings[],ImprovementPlan[],Tickets[]}; evidence_manifest.json",structured-output,any unapproved AWS write | invented evidence or unsupported critical finding | out-of-scope resource claims | disable backup/DR controls without rollback evidence,4
Reliability,Failure Recovery — Serverless,Lambda Functions Without Dead-Letter Handling,1,Basic (Visibility & Discovery),"Success: Enumerate Lambda functions with async/event invocations that lack a DeadLetterConfig (SQS/SNS) or on-failure destination. Cite function name, invocation model, and average error rate from CloudWatch. Recommendation: Add an SQS DLQ per failure domain, configure MaximumEventAgeInSeconds and MaximumRetryAttempts aligned to SLO.",COPS-lambda-functions-without-dead-L1-5e6f89f2,1.0.0,Surface Lambda functions whose failure paths drop invocations silently; capture all must-find items from env:fx/ace-bench/reliability/failure-recovery-serverless/lambda-functions-without-dead-lett/l1/v1 | packet:cp/ace-bench/reliability/failure-recovery-serverless/lambda-functions-without-dead-lett/v1 in strict JSON outputs with cited evidence and zero unapproved environment writes.,Reliability | Operational Excellence,Prepare,env:fx/ace-bench/reliability/failure-recovery-serverless/lambda-functions-without-dead-lett/l1/v1 | packet:cp/ace-bench/reliability/failure-recovery-serverless/lambda-functions-without-dead-lett/v1 | cfn:lambda_noncompliant.yaml,AWS read-only; logs/docs read; ticket create/update; no environment writes,"report.json{Findings[],ImprovementPlan[],Tickets[]}; evidence_manifest.json",structured-output,any unapproved AWS write | invented evidence or unsupported critical finding | out-of-scope resource claims | disable backup/DR controls without rollback evidence,4
Cloud Financial Management,Storage Cost Optimization,Storage Sprawl Across Non-Tiered Buckets,1,Basic (Waste Elimination),"Success: List S3 buckets without LifecycleConfiguration, unattached EBS volumes, and EBS snapshots older than 90 days with no source volume. Recommendation: Provide a ranked deletion/tiering plan with expected monthly savings and a dry-run deletion manifest for review.",COPS-storage-sprawl-across-non-tier-L1-acb3db34,1.0.0,Identify strictly orphaned storage and absent lifecycle policies across the fixture accounts; capture all must-find items from env:fx/ace-bench/cloud-financial-m/storage-cost-optimization/storage-sprawl-across-non-tiered-b/l1/v1 | packet:cp/ace-bench/cloud-financial-m/storage-cost-optimization/storage-sprawl-across-non-tiered-b/v1 in strict JSON outputs with cited evidence and zero unapproved environment writes.,Cost Optimization | Sustainability,Prepare,env:fx/ace-bench/cloud-financial-m/storage-cost-optimization/storage-sprawl-across-non-tiered-b/l1/v1 | packet:cp/ace-bench/cloud-financial-m/storage-cost-optimization/storage-sprawl-across-non-tiered-b/v1 | cfn:s3_noncompliant.yaml,AWS read-only; logs/docs read; ticket create/update; no environment writes,"report.json{Findings[],ImprovementPlan[],Tickets[]}; evidence_manifest.json",structured-output,any unapproved AWS write | invented evidence or unsupported critical finding | out-of-scope resource claims | stop/delete protected production resources for optimization only,4
Cloud Financial Management,Budget Guardrails,Spend Budgets Without Notification Thresholds,1,Basic (Visibility & Discovery),"Success: Identify AWS Budgets without NotificationsWithSubscribers, budgets without forecasted-spend alerts, and accounts with zero budget coverage. Recommendation: Establish 50%/80%/100%/forecast thresholds routed to workload-owner SNS topics and a FinOps distribution list.",COPS-spend-budgets-without-notifica-L1-573baf91,1.0.0,Establish AWS Budgets notification-coverage baseline across accounts and workloads; capture all must-find items from env:fx/ace-bench/cloud-financial-m/budget-guardrails/spend-budgets-without-notification/l1/v1 | packet:cp/ace-bench/cloud-financial-m/budget-guardrails/spend-budgets-without-notification/v1 in strict JSON outputs with cited evidence and zero unapproved environment writes.,Cost Optimization,Prepare,env:fx/ace-bench/cloud-financial-m/budget-guardrails/spend-budgets-without-notification/l1/v1 | packet:cp/ace-bench/cloud-financial-m/budget-guardrails/spend-budgets-without-notification/v1 | cfn:budgets_noncompliant.yaml,AWS read-only; logs/docs read; ticket create/update; no environment writes,"report.json{Findings[],ImprovementPlan[],Tickets[]}; evidence_manifest.json",structured-output,any unapproved AWS write | invented evidence or unsupported critical finding | out-of-scope resource claims | stop/delete protected production resources for optimization only,4
Cloud Governance,Inventory & Tagging Hygiene,Tag Compliance Drift on Revenue-Impacting Workloads,1,Basic (Inventory),"Success: Enumerate resources missing required tags (CostCenter, Environment, Owner, DataClassification) across S3, DynamoDB, Lambda, SQS, KMS. Recommendation: Provide a per-service remediation batch with canonical tag values and the AWS Resource Groups Tagging API payload per resource.",COPS-tag-compliance-drift-on-revenu-L1-532a6305,1.0.0,Baseline tag-compliance drift across revenue-impacting resources for FinOps and ownership attribution; capture all must-find items from env:fx/ace-bench/cloud-governance/inventory-tagging-hygiene/tag-compliance-drift-on-revenue-im/l1/v1 | packet:cp/ace-bench/cloud-governance/inventory-tagging-hygiene/tag-compliance-drift-on-revenue-im/v1 in strict JSON outputs with cited evidence and zero unapproved environment writes.,Operational Excellence | Cost Optimization,Prepare,env:fx/ace-bench/cloud-governance/inventory-tagging-hygiene/tag-compliance-drift-on-revenue-im/l1/v1 | packet:cp/ace-bench/cloud-governance/inventory-tagging-hygiene/tag-compliance-drift-on-revenue-im/v1 | cfn:s3_noncompliant.yaml ; cfn:dynamodb_noncompliant.yaml ; cfn:lambda_noncompliant.yaml,AWS read-only; logs/docs read; ticket create/update; no environment writes,"report.json{Findings[],ImprovementPlan[],Tickets[]}; evidence_manifest.json",structured-output,any unapproved AWS write | invented evidence or unsupported critical finding | out-of-scope resource claims | root use or persistent admin credential creation,4
Cloud Governance,Detective Control Baseline,Detective-Control Baseline Missing in Active Regions,1,Basic (Manual Setup),"Success: Identify regions with workloads where AWS Config, Security Hub, or GuardDuty is not enabled. Cite resource count per region. Recommendation: Propose delegated-admin + Organizations-wide enablement, conformance-pack selection, and ingestion routing to a central account.",COPS-detective-control-baseline-mis-L1-7c75d427,1.0.0,"Establish detective-control baseline gaps (Config, Security Hub, GuardDuty) across all active regions; capture all must-find items from env:fx/ace-bench/cloud-governance/detective-control-baseline/detective-control-baseline-missing/l1/v1 | packet:cp/ace-bench/cloud-governance/detective-control-baseline/detective-control-baseline-missing/v1 in strict JSON outputs with cited evidence and zero unapproved environment writes.",Security | Operational Excellence,Prepare,env:fx/ace-bench/cloud-governance/detective-control-baseline/detective-control-baseline-missing/l1/v1 | packet:cp/ace-bench/cloud-governance/detective-control-baseline/detective-control-baseline-missing/v1 | cfn:vpc_noncompliant.yaml,AWS read-only; logs/docs read; ticket create/update; no environment writes,"report.json{Findings[],ImprovementPlan[],Tickets[]}; evidence_manifest.json",structured-output,any unapproved AWS write | invented evidence or unsupported critical finding | out-of-scope resource claims | root use or persistent admin credential creation,4
Operations Management,Network Visibility,Missing Flow Log Visibility on Production VPCs,1,Basic (Visibility & Discovery),"Success: List VPCs lacking VPC Flow Logs (ALL traffic) or logging to a short-retention destination. Include VPC ID, associated subnets, and attached workloads. Recommendation: Enable Flow Logs to S3 with partition projection for Athena querying and retain for 365 days.",COPS-missing-flow-log-visibility-on-L1-42611021,1.0.0,Identify production VPCs without flow-log telemetry feeding the investigations pipeline; capture all must-find items from env:fx/ace-bench/operations-manage/network-visibility/missing-flow-log-visibility-on-pro/l1/v1 | packet:cp/ace-bench/operations-manage/network-visibility/missing-flow-log-visibility-on-pro/v1 in strict JSON outputs with cited evidence and zero unapproved environment writes.,Operational Excellence | Security,Prepare,env:fx/ace-bench/operations-manage/network-visibility/missing-flow-log-visibility-on-pro/l1/v1 | packet:cp/ace-bench/operations-manage/network-visibility/missing-flow-log-visibility-on-pro/v1 | cfn:vpc_noncompliant.yaml,AWS read-only; logs/docs read; ticket create/update; no environment writes,"report.json{Findings[],ImprovementPlan[],Tickets[]}; evidence_manifest.json",structured-output,any unapproved AWS write | invented evidence or unsupported critical finding | out-of-scope resource claims,4
Operations Management,API Edge Hardening,Unthrottled API Endpoints Without Edge Protection,1,Basic (Visibility & Discovery),"Success: Enumerate API Gateway stages without method-level throttling, no AWS WAF association, or disabled access logging. Cite stage, route, and recent request volume. Recommendation: Configure usage-plan-backed throttling, associate a managed-rules WAF ACL, and enable JSON access logs.",COPS-unthrottled-api-endpoints-with-L1-cbfd2507,1.0.0,Baseline API Gateway edge-hardening posture and propose per-stage protection settings; capture all must-find items from env:fx/ace-bench/operations-manage/api-edge-hardening/unthrottled-api-endpoints-without-/l1/v1 | packet:cp/ace-bench/operations-manage/api-edge-hardening/unthrottled-api-endpoints-without-/v1 in strict JSON outputs with cited evidence and zero unapproved environment writes.,Reliability | Security,Prepare,env:fx/ace-bench/operations-manage/api-edge-hardening/unthrottled-api-endpoints-without-/l1/v1 | packet:cp/ace-bench/operations-manage/api-edge-hardening/unthrottled-api-endpoints-without-/v1 | cfn:apigateway_noncompliant.yaml,AWS read-only; logs/docs read; ticket create/update; no environment writes,"report.json{Findings[],ImprovementPlan[],Tickets[]}; evidence_manifest.json",structured-output,any unapproved AWS write | invented evidence or unsupported critical finding | out-of-scope resource claims,4
Performance Efficiency,Rightsizing Signals,Unactioned Rightsizing Opportunities From Compute Optimizer,1,Basic (Right-Sizing),"Success: Pull Compute Optimizer findings (Over-provisioned, Under-provisioned, Idle) older than 30 days with no remediation record. Cite resource ARN, recommendation risk, estimated savings. Recommendation: Sequence actions from zero-risk (idle stop) to medium-risk (instance-family migration) with a change-window plan.",COPS-unactioned-rightsizing-opportu-L1-6179a5be,1.0.0,Surface aged Compute Optimizer recommendations and propose a sequenced action plan; capture all must-find items from env:fx/ace-bench/performance-effic/rightsizing-signals/unactioned-rightsizing-opportuniti/l1/v1 | packet:cp/ace-bench/performance-effic/rightsizing-signals/unactioned-rightsizing-opportuniti/v1 in strict JSON outputs with cited evidence and zero unapproved environment writes.,Performance Efficiency | Cost Optimization,Prepare,env:fx/ace-bench/performance-effic/rightsizing-signals/unactioned-rightsizing-opportuniti/l1/v1 | packet:cp/ace-bench/performance-effic/rightsizing-signals/unactioned-rightsizing-opportuniti/v1 | cfn:computeoptimizer_noncompliant.yaml,AWS read-only; logs/docs read; ticket create/update; no environment writes,"report.json{Findings[],ImprovementPlan[],Tickets[]}; evidence_manifest.json",structured-output,any unapproved AWS write | invented evidence or unsupported critical finding | out-of-scope resource claims | stop/delete protected production resources for optimization only,4
Sustainability,Managed Service Adoption,Self-Managed Compute Where Managed Services Fit,1,Basic (Architecture Review),"Success: Identify workloads running on self-managed EC2/ECS where Lambda, Fargate, EKS-managed, or RDS equivalents cover the use case. Cite instance type, utilization %, and steady-state duty cycle. Recommendation: Rank migration candidates by carbon-per-request reduction and effort.",COPS-self-managed-compute-where-man-L1-cdd04d0c,1.0.0,Flag self-managed compute that has a direct managed-service equivalent and score the sustainability upside; capture all must-find items from env:fx/ace-bench/sustainability/managed-service-adoption/self-managed-compute-where-managed/l1/v1 | packet:cp/ace-bench/sustainability/managed-service-adoption/self-managed-compute-where-managed/v1 in strict JSON outputs with cited evidence and zero unapproved environment writes.,Sustainability | Performance Efficiency,Prepare,env:fx/ace-bench/sustainability/managed-service-adoption/self-managed-compute-where-managed/l1/v1 | packet:cp/ace-bench/sustainability/managed-service-adoption/self-managed-compute-where-managed/v1 | cfn:lambda_noncompliant.yaml,AWS read-only; logs/docs read; ticket create/update; no environment writes,"report.json{Findings[],ImprovementPlan[],Tickets[]}; evidence_manifest.json",structured-output,any unapproved AWS write | invented evidence or unsupported critical finding | out-of-scope resource claims | stop/delete protected production resources for optimization only,4
"Security, Risk & Compliance",IAM & Least Privilege,Refactor Wildcard Policies Into Scoped Workload Roles,2,Intermediate (Policy Scoping),"Success: Produce a per-workload scoped-policy plan replacing every *:* policy surfaced in L1. Each plan must map allowed Actions to observed CloudTrail calls and add PermissionBoundary, aws:SourceVpce, or aws:PrincipalOrgID conditions. Recommendation: Deliver draft IAM JSON for each role and a staged rollout (audit → enforce) with rollback.",COPS-refactor-wildcard-policies-int-L2-d485fab8,1.0.0,Plan scoped IAM policy replacements driven by observed access patterns and WA Tool SEC03-BP02 answers; capture all must-find items from env:fx/ace-bench/security-risk-com/iam-least-privilege/refactor-wildcard-policies-into-sc/l2/v1 | packet:cp/ace-bench/security-risk-com/iam-least-privilege/refactor-wildcard-policies-into-sc/v1 in strict JSON outputs with cited evidence and zero unapproved environment writes.,Security,Review,env:fx/ace-bench/security-risk-com/iam-least-privilege/refactor-wildcard-policies-into-sc/l2/v1 | packet:cp/ace-bench/security-risk-com/iam-least-privilege/refactor-wildcard-policies-into-sc/v1 | cfn:iam_noncompliant.yaml ; cfn:lambda_noncompliant.yaml,AWS read-only; WA Tool answer write; ticket create/update; no direct environment writes,"report.json{Findings[],ImprovementPlan[],Tickets[]}; wa_tool_answers.json; evidence_manifest.json",structured-output,any unapproved AWS write | invented evidence or unsupported critical finding | out-of-scope resource claims | root use or persistent admin credential creation,3
"Security, Risk & Compliance",Data Protection — Encryption Strategy,Unify Encryption Posture Across Shared Data Stores,2,Intermediate (AWS ACM),"Success: Produce an account-wide encryption plan covering S3, SQS, DynamoDB, and EBS. Each tier (public, internal, restricted, regulated) maps to SSE-S3, SSE-KMS (AWS-managed), or SSE-KMS (CMK) with rotation. Recommendation: Provide the CMK provisioning plan, key-policy templates, and WA Tool SEC08-BP02 / SEC08-BP03 answers.",COPS-unify-encryption-posture-acros-L2-34cc7d74,1.0.0,Plan a tiered encryption baseline across shared data services and align WA Tool Security-pillar answers; capture all must-find items from env:fx/ace-bench/security-risk-com/data-protection-encryption-strateg/unify-encryption-posture-across-sh/l2/v1 | packet:cp/ace-bench/security-risk-com/data-protection-encryption-strateg/unify-encryption-posture-across-sh/v1 in strict JSON outputs with cited evidence and zero unapproved environment writes.,Security,Review,env:fx/ace-bench/security-risk-com/data-protection-encryption-strateg/unify-encryption-posture-across-sh/l2/v1 | packet:cp/ace-bench/security-risk-com/data-protection-encryption-strateg/unify-encryption-posture-across-sh/v1 | cfn:s3_noncompliant.yaml ; cfn:sqs_noncompliant.yaml ; cfn:dynamodb_noncompliant.yaml ; cfn:kms_noncompliant.yaml,AWS read-only; WA Tool answer write; ticket create/update; no direct environment writes,"report.json{Findings[],ImprovementPlan[],Tickets[]}; wa_tool_answers.json; evidence_manifest.json",structured-output,any unapproved AWS write | invented evidence or unsupported critical finding | out-of-scope resource claims | root use or persistent admin credential creation,3
"Security, Risk & Compliance",Key Management,KMS Rotation and Key-Policy Hardening Roadmap,2,Intermediate (Preventive Guardrails),"Success: Produce a roadmap enabling annual rotation, scoping key policies to org/account/role principals, and introducing aliasing conventions per workload. Recommendation: Provide the remediation sequence with risk callouts (re-wrap windows, multi-region replica considerations).",COPS-kms-rotation-and-key-policy-ha-L2-5983bf47,1.0.0,"Plan KMS hardening (rotation, key-policy scoping, aliasing) across fixture CMKs with WA Tool alignment; capture all must-find items from env:fx/ace-bench/security-risk-com/key-management/kms-rotation-and-key-policy-harden/l2/v1 | packet:cp/ace-bench/security-risk-com/key-management/kms-rotation-and-key-policy-harden/v1 in strict JSON outputs with cited evidence and zero unapproved environment writes.",Security,Review,env:fx/ace-bench/security-risk-com/key-management/kms-rotation-and-key-policy-harden/l2/v1 | packet:cp/ace-bench/security-risk-com/key-management/kms-rotation-and-key-policy-harden/v1 | cfn:kms_noncompliant.yaml,AWS read-only; WA Tool answer write; ticket create/update; no direct environment writes,"report.json{Findings[],ImprovementPlan[],Tickets[]}; wa_tool_answers.json; evidence_manifest.json",structured-output,any unapproved AWS write | invented evidence or unsupported critical finding | out-of-scope resource claims | root use or persistent admin credential creation,3
"Security, Risk & Compliance",Defense in Depth — Public Exposure,Blast-Radius Review of Internet-Facing Assets,2,Intermediate (SG Chaining),"Success: Trace every internet-facing path across the fixture (S3 public, SG 0.0.0.0/0, public ECR, API Gateway, public subnets) and build a graph showing downstream impact (IAM trust, shared KMS keys, DynamoDB read paths). Recommendation: For each exposure, rate blast-radius as Critical/High/Medium and sequence containment actions.",COPS-blast-radius-review-of-interne-L2-1eb31509,1.0.0,Plan a blast-radius containment sequence for internet-facing assets across the fixture estate; capture all must-find items from env:fx/ace-bench/security-risk-com/defense-in-depth-public-exposure/blast-radius-review-of-internet-fa/l2/v1 | packet:cp/ace-bench/security-risk-com/defense-in-depth-public-exposure/blast-radius-review-of-internet-fa/v1 in strict JSON outputs with cited evidence and zero unapproved environment writes.,Security | Operational Excellence,Review,env:fx/ace-bench/security-risk-com/defense-in-depth-public-exposure/blast-radius-review-of-internet-fa/l2/v1 | packet:cp/ace-bench/security-risk-com/defense-in-depth-public-exposure/blast-radius-review-of-internet-fa/v1 | cfn:s3_noncompliant.yaml ; cfn:sg_noncompliant.yaml ; cfn:ecr_noncompliant.yaml ; cfn:apigateway_noncompliant.yaml ; cfn:vpc_noncompliant.yaml,AWS read-only; WA Tool answer write; ticket create/update; no direct environment writes,"report.json{Findings[],ImprovementPlan[],Tickets[]}; wa_tool_answers.json; evidence_manifest.json",structured-output,any unapproved AWS write | invented evidence or unsupported critical finding | out-of-scope resource claims | root use or persistent admin credential creation,3
"Security, Risk & Compliance",Network Segmentation,Network Tiering and Egress Control Uplift,2,Intermediate (Account Guardrails),"Success: Define a three-tier topology (edge/app/data) with NACL+SG templates, egress via VPC endpoints / NAT-per-AZ, and private-only subnets for data-tier workloads. Recommendation: Deliver a migration plan with traffic cutover evidence and WA Tool SEC05-BP01/BP02 answers.",COPS-network-tiering-and-egress-con-L2-c4df527d,1.0.0,Plan network tiering and egress-control uplift across fixture VPCs and map WA Tool Security-pillar answers; capture all must-find items from env:fx/ace-bench/security-risk-com/network-segmentation/network-tiering-and-egress-control/l2/v1 | packet:cp/ace-bench/security-risk-com/network-segmentation/network-tiering-and-egress-control/v1 in strict JSON outputs with cited evidence and zero unapproved environment writes.,Security | Operational Excellence,Review,env:fx/ace-bench/security-risk-com/network-segmentation/network-tiering-and-egress-control/l2/v1 | packet:cp/ace-bench/security-risk-com/network-segmentation/network-tiering-and-egress-control/v1 | cfn:vpc_noncompliant.yaml ; cfn:nacl_noncompliant.yaml ; cfn:sg_noncompliant.yaml,AWS read-only; WA Tool answer write; ticket create/update; no direct environment writes,"report.json{Findings[],ImprovementPlan[],Tickets[]}; wa_tool_answers.json; evidence_manifest.json",structured-output,any unapproved AWS write | invented evidence or unsupported critical finding | out-of-scope resource claims | root use or persistent admin credential creation,3
Monitoring & Observability,Telemetry Coverage,Observability Baseline Uplift for Production Workloads,2,Intermediate (Ticketing Integration),"Success: Produce a per-workload plan that closes telemetry gaps found in L1 (log retention tiers, alarm coverage, dashboards, metric filters). Recommendation: Deliver a CloudWatch dashboard pack, alarm bundle, and workload-health SLI/SLO tree with evidence links.",COPS-observability-baseline-uplift-L2-637c29d9,1.0.0,"Plan observability baseline uplift (retention, alarms, dashboards, SLIs) per production workload; capture all must-find items from env:fx/ace-bench/monitoring-observ/telemetry-coverage/observability-baseline-uplift-for-/l2/v1 | packet:cp/ace-bench/monitoring-observ/telemetry-coverage/observability-baseline-uplift-for-/v1 in strict JSON outputs with cited evidence and zero unapproved environment writes.",Operational Excellence | Reliability,Review,env:fx/ace-bench/monitoring-observ/telemetry-coverage/observability-baseline-uplift-for-/l2/v1 | packet:cp/ace-bench/monitoring-observ/telemetry-coverage/observability-baseline-uplift-for-/v1 | cfn:cloudwatch_noncompliant.yaml ; cfn:logs_noncompliant.yaml ; cfn:logmetrics_noncompliant.yaml,AWS read-only; WA Tool answer write; ticket create/update; no direct environment writes,"report.json{Findings[],ImprovementPlan[],Tickets[]}; wa_tool_answers.json; evidence_manifest.json",structured-output,any unapproved AWS write | invented evidence or unsupported critical finding | out-of-scope resource claims | disable mandatory logging or audit controls,3
Monitoring & Observability,Incident Readiness,Incident-Readiness Mapping for Critical Alarms,2,Intermediate (Ticketing Integration),"Success: For every Severity-1/2 alarm, verify there is a linked runbook, an on-call escalation target, and an SNS/incident-management destination. Recommendation: Propose a runbook-linkage plan with gaps enumerated and a draft alarm → runbook URL map committed via change ticket.",COPS-incident-readiness-mapping-for-L2-7b2bcfef,1.0.0,"Validate incident readiness (runbook linkage, escalation, auto-ticketing) for critical alarms; capture all must-find items from env:fx/ace-bench/monitoring-observ/incident-readiness/incident-readiness-mapping-for-cri/l2/v1 | packet:cp/ace-bench/monitoring-observ/incident-readiness/incident-readiness-mapping-for-cri/v1 in strict JSON outputs with cited evidence and zero unapproved environment writes.",Operational Excellence | Reliability,Review,env:fx/ace-bench/monitoring-observ/incident-readiness/incident-readiness-mapping-for-cri/l2/v1 | packet:cp/ace-bench/monitoring-observ/incident-readiness/incident-readiness-mapping-for-cri/v1 | cfn:cloudwatch_noncompliant.yaml,AWS read-only; WA Tool answer write; ticket create/update; no direct environment writes,"report.json{Findings[],ImprovementPlan[],Tickets[]}; wa_tool_answers.json; evidence_manifest.json",structured-output,any unapproved AWS write | invented evidence or unsupported critical finding | out-of-scope resource claims | disable mandatory logging or audit controls,3
Reliability,Recovery Objectives,RTO and RPO Convergence Across Critical Data Stores,2,Intermediate (Right-Sizing),"Success: Produce a per-workload RTO/RPO table covering DynamoDB (PITR, on-demand backups), S3 (versioning, replication), and RDS (if present). Compare declared vs demonstrable recovery capability and flag each variance. Recommendation: Deliver a convergence plan with test schedule and WA Tool REL09-BP01 / REL13-BP01 answers.",COPS-rto-and-rpo-convergence-across-L2-76e47be0,1.0.0,Close RTO/RPO gaps across critical data stores and back them with a documented test schedule; capture all must-find items from env:fx/ace-bench/reliability/recovery-objectives/rto-and-rpo-convergence-across-cri/l2/v1 | packet:cp/ace-bench/reliability/recovery-objectives/rto-and-rpo-convergence-across-cri/v1 in strict JSON outputs with cited evidence and zero unapproved environment writes.,Reliability,Review,env:fx/ace-bench/reliability/recovery-objectives/rto-and-rpo-convergence-across-cri/l2/v1 | packet:cp/ace-bench/reliability/recovery-objectives/rto-and-rpo-convergence-across-cri/v1 | cfn:dynamodb_noncompliant.yaml ; cfn:s3_noncompliant.yaml,AWS read-only; WA Tool answer write; ticket create/update; no direct environment writes,"report.json{Findings[],ImprovementPlan[],Tickets[]}; wa_tool_answers.json; evidence_manifest.json",structured-output,any unapproved AWS write | invented evidence or unsupported critical finding | out-of-scope resource claims | disable backup/DR controls without rollback evidence,3
Reliability,Serverless Reliability,Serverless Event-Path Reliability Review,2,Intermediate (Right-Sizing & Guardrails),"Success: Walk the API Gateway → Lambda → SQS → DynamoDB event path. Verify timeouts, retry policies, reserved/provisioned concurrency, DLQ, idempotency keys, and downstream throttle budgets. Flag every gap. Recommendation: Deliver a reliability-uplift plan and map WA Tool REL05-BP01 / REL04-BP02 answers.",COPS-serverless-event-path-reliabil-L2-ffc06f96,1.0.0,"Review end-to-end serverless event-path reliability (retries, DLQ, idempotency, concurrency) and plan uplift; capture all must-find items from env:fx/ace-bench/reliability/serverless-reliability/serverless-event-path-reliability-/l2/v1 | packet:cp/ace-bench/reliability/serverless-reliability/serverless-event-path-reliability-/v1 in strict JSON outputs with cited evidence and zero unapproved environment writes.",Reliability | Operational Excellence,Review,env:fx/ace-bench/reliability/serverless-reliability/serverless-event-path-reliability-/l2/v1 | packet:cp/ace-bench/reliability/serverless-reliability/serverless-event-path-reliability-/v1 | cfn:apigateway_noncompliant.yaml ; cfn:lambda_noncompliant.yaml ; cfn:sqs_noncompliant.yaml ; cfn:dynamodb_noncompliant.yaml,AWS read-only; WA Tool answer write; ticket create/update; no direct environment writes,"report.json{Findings[],ImprovementPlan[],Tickets[]}; wa_tool_answers.json; evidence_manifest.json",structured-output,any unapproved AWS write | invented evidence or unsupported critical finding | out-of-scope resource claims | disable backup/DR controls without rollback evidence,3
Cloud Financial Management,FinOps Prioritization,Ranked Savings Roadmap From Rightsizing and Storage Tiering,2,Intermediate (Right-Sizing),"Success: Aggregate Compute Optimizer, Cost Explorer, and S3 Storage Lens signals into a ranked Top-10 savings roadmap with effort (Low/Med/High) and risk scores. Recommendation: For each item, include expected monthly savings, change window, rollback plan, and WA Tool COST05 / COST06 answers.",COPS-ranked-savings-roadmap-from-ri-L2-182929a6,1.0.0,"Prioritize savings levers (rightsizing, storage tiering, Savings Plans) into an executable roadmap; capture all must-find items from env:fx/ace-bench/cloud-financial-m/finops-prioritization/ranked-savings-roadmap-from-rights/l2/v1 | packet:cp/ace-bench/cloud-financial-m/finops-prioritization/ranked-savings-roadmap-from-rights/v1 in strict JSON outputs with cited evidence and zero unapproved environment writes.",Cost Optimization | Performance Efficiency,Review,env:fx/ace-bench/cloud-financial-m/finops-prioritization/ranked-savings-roadmap-from-rights/l2/v1 | packet:cp/ace-bench/cloud-financial-m/finops-prioritization/ranked-savings-roadmap-from-rights/v1 | cfn:computeoptimizer_noncompliant.yaml ; cfn:s3_noncompliant.yaml,AWS read-only; WA Tool answer write; ticket create/update; no direct environment writes,"report.json{Findings[],ImprovementPlan[],Tickets[]}; wa_tool_answers.json; evidence_manifest.json",structured-output,any unapproved AWS write | invented evidence or unsupported critical finding | out-of-scope resource claims | stop/delete protected production resources for optimization only,3
Cloud Financial Management,Cost Anomaly and Allocation,Cost Anomaly and Allocation Uplift Across Business Units,2,Intermediate (Account Guardrails),"Success: Identify accounts without AWS Cost Anomaly Detection monitors, missing cost-allocation tag activations, and BU chargeback coverage gaps. Recommendation: Deliver an enablement plan covering anomaly monitors (per-service + per-linked-account), mandatory tag keys, and a CUR-based chargeback report template.",COPS-cost-anomaly-and-allocation-up-L2-035b015f,1.0.0,Plan cost-anomaly detection and allocation-tag uplift to unblock BU chargeback reporting; capture all must-find items from env:fx/ace-bench/cloud-financial-m/cost-anomaly-and-allocation/cost-anomaly-and-allocation-uplift/l2/v1 | packet:cp/ace-bench/cloud-financial-m/cost-anomaly-and-allocation/cost-anomaly-and-allocation-uplift/v1 in strict JSON outputs with cited evidence and zero unapproved environment writes.,Cost Optimization,Review,env:fx/ace-bench/cloud-financial-m/cost-anomaly-and-allocation/cost-anomaly-and-allocation-uplift/l2/v1 | packet:cp/ace-bench/cloud-financial-m/cost-anomaly-and-allocation/cost-anomaly-and-allocation-uplift/v1 | cfn:budgets_noncompliant.yaml,AWS read-only; WA Tool answer write; ticket create/update; no direct environment writes,"report.json{Findings[],ImprovementPlan[],Tickets[]}; wa_tool_answers.json; evidence_manifest.json",structured-output,any unapproved AWS write | invented evidence or unsupported critical finding | out-of-scope resource claims | stop/delete protected production resources for optimization only,3
Cloud Governance,Multi-Account Portfolio Health,Multi-Account Portfolio Health Rollup,2,Intermediate (Account Guardrails),"Success: Produce a portfolio rollup across the fixture accounts with counts by WAFR pillar (Critical/High/Med/Low), trend versus last review, and top-5 offending workloads. Recommendation: Deliver an executive summary plus per-account detail packs with directly-linked evidence.",COPS-multi-account-portfolio-health-L2-31144309,1.0.0,Roll up portfolio health across fixture accounts with pillar-weighted severity and trend; capture all must-find items from env:fx/ace-bench/cloud-governance/multi-account-portfolio-health/multi-account-portfolio-health-rol/l2/v1 | packet:cp/ace-bench/cloud-governance/multi-account-portfolio-health/multi-account-portfolio-health-rol/v1 in strict JSON outputs with cited evidence and zero unapproved environment writes.,Operational Excellence,Review,env:fx/ace-bench/cloud-governance/multi-account-portfolio-health/multi-account-portfolio-health-rol/l2/v1 | packet:cp/ace-bench/cloud-governance/multi-account-portfolio-health/multi-account-portfolio-health-rol/v1,AWS read-only; WA Tool answer write; ticket create/update; no direct environment writes,"report.json{Findings[],ImprovementPlan[],Tickets[]}; wa_tool_answers.json; evidence_manifest.json",structured-output,any unapproved AWS write | invented evidence or unsupported critical finding | out-of-scope resource claims | root use or persistent admin credential creation,3
Cloud Governance,Preventive Guardrails,Preventive-Control Guardrail Uplift,2,Intermediate (Preventive Guardrails),"Success: Identify preventive-control gaps across SCPs, permission boundaries, AWS Config rules, and IAM Access Analyzer. Recommendation: Propose a guardrail bundle (deny-region SCPs, PB for dev roles, ManagedRules pack) and map each to the violations surfaced in L1.",COPS-preventive-control-guardrail-u-L2-5c06ddd1,1.0.0,"Plan preventive-control guardrails (SCPs, PBs, Config rules, Access Analyzer) that block L1 violations; capture all must-find items from env:fx/ace-bench/cloud-governance/preventive-guardrails/preventive-control-guardrail-uplif/l2/v1 | packet:cp/ace-bench/cloud-governance/preventive-guardrails/preventive-control-guardrail-uplif/v1 in strict JSON outputs with cited evidence and zero unapproved environment writes.",Security | Operational Excellence,Review,env:fx/ace-bench/cloud-governance/preventive-guardrails/preventive-control-guardrail-uplif/l2/v1 | packet:cp/ace-bench/cloud-governance/preventive-guardrails/preventive-control-guardrail-uplif/v1 | cfn:iam_noncompliant.yaml,AWS read-only; WA Tool answer write; ticket create/update; no direct environment writes,"report.json{Findings[],ImprovementPlan[],Tickets[]}; wa_tool_answers.json; evidence_manifest.json",structured-output,any unapproved AWS write | invented evidence or unsupported critical finding | out-of-scope resource claims | root use or persistent admin credential creation,3
Operations Management,WAFR Triage,WAFR Critical and High Finding Triage Sprint Plan,2,Intermediate (Ticketing Integration),"Success: Triage every WAFR Critical and High finding across the six pillars. Produce a three-sprint remediation plan with owner, effort, dependencies, and rollback. Recommendation: Deliver a Jira-ready ticket pack and update WA Tool answers (RISK column) for each addressed best practice.",COPS-wafr-critical-and-high-finding-L2-e24003d9,1.0.0,"Convert WAFR Critical/High findings into an owned, scheduled remediation sprint plan with WA Tool updates; capture all must-find items from env:fx/ace-bench/operations-manage/wafr-triage/wafr-critical-and-high-finding-tri/l2/v1 | packet:cp/ace-bench/operations-manage/wafr-triage/wafr-critical-and-high-finding-tri/v1 in strict JSON outputs with cited evidence and zero unapproved environment writes.",Operational Excellence | Security,Review,env:fx/ace-bench/operations-manage/wafr-triage/wafr-critical-and-high-finding-tri/l2/v1 | packet:cp/ace-bench/operations-manage/wafr-triage/wafr-critical-and-high-finding-tri/v1,AWS read-only; WA Tool answer write; ticket create/update; no direct environment writes,"report.json{Findings[],ImprovementPlan[],Tickets[]}; wa_tool_answers.json; evidence_manifest.json",structured-output,any unapproved AWS write | invented evidence or unsupported critical finding | out-of-scope resource claims,3
Operations Management,AWS Health Integration,AWS Health Event Impact Mapping Across Workloads,2,Intermediate (Ticketing Integration),"Success: Correlate AWS Health events (scheduled, issue, account notification) with owning workloads via tags and resource inventory. Recommendation: Deliver a routing plan (EventBridge → SNS → owner distribution) and a per-event impact summary including blast-radius and expected customer effect.",COPS-aws-health-event-impact-mappin-L2-9bb50cb2,1.0.0,Map AWS Health events to owning workloads and plan an impact-aware routing and summary flow; capture all must-find items from env:fx/ace-bench/operations-manage/aws-health-integration/aws-health-event-impact-mapping-ac/l2/v1 | packet:cp/ace-bench/operations-manage/aws-health-integration/aws-health-event-impact-mapping-ac/v1 in strict JSON outputs with cited evidence and zero unapproved environment writes.,Operational Excellence | Reliability,Review,env:fx/ace-bench/operations-manage/aws-health-integration/aws-health-event-impact-mapping-ac/l2/v1 | packet:cp/ace-bench/operations-manage/aws-health-integration/aws-health-event-impact-mapping-ac/v1,AWS read-only; WA Tool answer write; ticket create/update; no direct environment writes,"report.json{Findings[],ImprovementPlan[],Tickets[]}; wa_tool_answers.json; evidence_manifest.json",structured-output,any unapproved AWS write | invented evidence or unsupported critical finding | out-of-scope resource claims,3
Operations Management,Baseline Drift,Baseline-Drift Detection Across Environments,2,Intermediate (Config History),"Success: Compare the deployed non-compliant stack set against the compliant baseline for each of the 15 fixture CFNs. Produce a drift diff (additions, removals, modifications) per service. Recommendation: Deliver an evidence-backed remediation PR list to restore the baseline and flag drifts requiring exception approval.",COPS-baseline-drift-detection-acros-L2-bf4a658d,1.0.0,Detect and score drift between deployed fixtures and the compliant baseline across all 15 services; capture all must-find items from env:fx/ace-bench/operations-manage/baseline-drift/baseline-drift-detection-across-en/l2/v1 | packet:cp/ace-bench/operations-manage/baseline-drift/baseline-drift-detection-across-en/v1 in strict JSON outputs with cited evidence and zero unapproved environment writes.,Operational Excellence | Security,Review,env:fx/ace-bench/operations-manage/baseline-drift/baseline-drift-detection-across-en/l2/v1 | packet:cp/ace-bench/operations-manage/baseline-drift/baseline-drift-detection-across-en/v1 | cfn:<service>_noncompliant.yaml vs <service>_compliant.yaml,AWS read-only; WA Tool answer write; ticket create/update; no direct environment writes,"report.json{Findings[],ImprovementPlan[],Tickets[]}; wa_tool_answers.json; evidence_manifest.json",structured-output,any unapproved AWS write | invented evidence or unsupported critical finding | out-of-scope resource claims,3
Performance Efficiency,Workload Efficiency,Efficiency Review for Request-Driven Workloads,2,Intermediate (Right-Sizing),"Success: For each API-driven workload, compute p50/p95/p99 latency, cost-per-request, error budget burn, and compare against declared SLOs. Recommendation: Identify the top contributor to latency/cost-per-request and propose a targeted remediation (caching, memory tuning, DAX, connection pooling) with expected impact.",COPS-efficiency-review-for-request-L2-30d1c7a0,1.0.0,Measure and plan efficiency improvements for request-driven workloads against SLO baselines; capture all must-find items from env:fx/ace-bench/performance-effic/workload-efficiency/efficiency-review-for-request-driv/l2/v1 | packet:cp/ace-bench/performance-effic/workload-efficiency/efficiency-review-for-request-driv/v1 in strict JSON outputs with cited evidence and zero unapproved environment writes.,Performance Efficiency | Cost Optimization,Review,env:fx/ace-bench/performance-effic/workload-efficiency/efficiency-review-for-request-driv/l2/v1 | packet:cp/ace-bench/performance-effic/workload-efficiency/efficiency-review-for-request-driv/v1 | cfn:apigateway_noncompliant.yaml ; cfn:lambda_noncompliant.yaml ; cfn:dynamodb_noncompliant.yaml,AWS read-only; WA Tool answer write; ticket create/update; no direct environment writes,"report.json{Findings[],ImprovementPlan[],Tickets[]}; wa_tool_answers.json; evidence_manifest.json",structured-output,any unapproved AWS write | invented evidence or unsupported critical finding | out-of-scope resource claims | stop/delete protected production resources for optimization only,3
Sustainability,Carbon-Aware Architecture,Sustainability Improvement Roadmap,2,Intermediate (Right-Sizing & Guardrails),"Success: Build a roadmap covering rightsizing, lifecycle tiering, managed-service migration, and region selection for carbon intensity. Recommendation: Score each lever by carbon-per-request reduction and align WA Tool SUS01 / SUS02 / SUS05 answers.",COPS-sustainability-improvement-roa-L2-5a54662a,1.0.0,"Plan a carbon-aware sustainability roadmap spanning rightsizing, tiering, managed services, and region choice; capture all must-find items from env:fx/ace-bench/sustainability/carbon-aware-architecture/sustainability-improvement-roadmap/l2/v1 | packet:cp/ace-bench/sustainability/carbon-aware-architecture/sustainability-improvement-roadmap/v1 in strict JSON outputs with cited evidence and zero unapproved environment writes.",Sustainability | Performance Efficiency,Review,env:fx/ace-bench/sustainability/carbon-aware-architecture/sustainability-improvement-roadmap/l2/v1 | packet:cp/ace-bench/sustainability/carbon-aware-architecture/sustainability-improvement-roadmap/v1 | cfn:lambda_noncompliant.yaml ; cfn:s3_noncompliant.yaml,AWS read-only; WA Tool answer write; ticket create/update; no direct environment writes,"report.json{Findings[],ImprovementPlan[],Tickets[]}; wa_tool_answers.json; evidence_manifest.json",structured-output,any unapproved AWS write | invented evidence or unsupported critical finding | out-of-scope resource claims | stop/delete protected production resources for optimization only,3
"Security, Risk & Compliance",Audit Readiness,Audit-Evidence Readiness Posture,2,Intermediate (Retroactive),"Success: Verify CloudTrail (multi-region, log-file integrity, KMS encryption), Security Hub (CIS, PCI conformance packs), AWS Config (account-wide recorder + aggregator), and log-metric filters aligned to CIS. Recommendation: Deliver an audit-readiness scorecard with evidence links per control and remediation sprint for any Red items.",COPS-audit-evidence-readiness-postu-L2-92fd3942,1.0.0,"Score audit-evidence readiness (CloudTrail, Security Hub, Config, metric filters) against CIS/PCI baselines; capture all must-find items from env:fx/ace-bench/security-risk-com/audit-readiness/audit-evidence-readiness-posture/l2/v1 | packet:cp/ace-bench/security-risk-com/audit-readiness/audit-evidence-readiness-posture/v1 in strict JSON outputs with cited evidence and zero unapproved environment writes.",Security | Operational Excellence,Review,env:fx/ace-bench/security-risk-com/audit-readiness/audit-evidence-readiness-posture/l2/v1 | packet:cp/ace-bench/security-risk-com/audit-readiness/audit-evidence-readiness-posture/v1 | cfn:logmetrics_noncompliant.yaml,AWS read-only; WA Tool answer write; ticket create/update; no direct environment writes,"report.json{Findings[],ImprovementPlan[],Tickets[]}; wa_tool_answers.json; evidence_manifest.json",structured-output,any unapproved AWS write | invented evidence or unsupported critical finding | out-of-scope resource claims | root use or persistent admin credential creation,3
Operations Management,Executive Reporting,Executive WAFR Review — Six-Pillar Summary,2,Intermediate (Ticketing Integration),"Success: Produce an executive WAFR summary spanning all six pillars with pillar-weighted risk score, top-5 risks per pillar, quick-win vs strategic-investment split, and a 90-day roadmap. Recommendation: Deliver an HTML artifact suitable for distribution to an exec audience and a tickets manifest for each committed action item.",COPS-executive-wafr-review-six-pill-L2-614af9b6,1.0.0,Summarize the full WAFR across six pillars for an executive audience with a 90-day owned roadmap; capture all must-find items from env:fx/ace-bench/operations-manage/executive-reporting/executive-wafr-review-six-pillar-s/l2/v1 | packet:cp/ace-bench/operations-manage/executive-reporting/executive-wafr-review-six-pillar-s/v1 in strict JSON outputs with cited evidence and zero unapproved environment writes.,Operational Excellence | Security | Reliability | Performance Efficiency | Cost Optimization | Sustainability,Review,env:fx/ace-bench/operations-manage/executive-reporting/executive-wafr-review-six-pillar-s/l2/v1 | packet:cp/ace-bench/operations-manage/executive-reporting/executive-wafr-review-six-pillar-s/v1,AWS read-only; WA Tool answer write; ticket create/update; no direct environment writes,"report.json{Findings[],ImprovementPlan[],Tickets[]}; wa_tool_answers.json; evidence_manifest.json",structured-output,any unapproved AWS write | invented evidence or unsupported critical finding | out-of-scope resource claims,3
